,A,B,C,D
2018-07-31,0.4371140731080503,-1.0410710811977304,-0.7354277620541027,1.3819100238310702
2018-08-01,1.7084323481257415,-1.9915310347653863,0.9820129656412645,1.3475641696801375
2018-08-02,1.8757839873786297,-3.381945444711387,0.7957321838313961,2.812197785622032
2018-08-03,2.252211119491843,-1.9831521727161425,0.534391456592685,3.0962015825986486
2018-08-04,3.374661783034882,0.4385837193699922,-0.28994067053236616,3.868327214961988
2018-08-05,2.6975996145672028,0.30368416134615794,-1.0985142226548024,4.243679580594672
2018-08-06,2.682596169464785,0.1476026748293011,-0.9848555384486939,3.0899381001134745
2018-08-07,4.009942195928613,0.19645752844168216,-1.0777921531875618,3.9054892964472856
2018-08-08,4.843341708345318,-1.3846381599029245,-2.7354929624181086,4.4750952480110096
2018-08-09,5.203929900168122,-0.6443710991613005,-1.7863221642852292,5.012304790545771
2018-08-10,3.7617136851708546,-0.1962190855808157,-1.5106347326189258,3.7998399620802306
2018-08-11,4.099161377780003,-0.5691988291940802,-0.4930370249758418,3.4407878576816833
2018-08-12,4.119883729304936,-0.18414659304234365,0.07854973180261515,3.438243877794699
2018-08-13,5.0151496820940045,-1.3058062683734821,-1.0155000832967658,2.1906329249975984
2018-08-14,5.571730562135173,-1.44381205720975,-0.498076785835985,2.7066811449507524
2018-08-15,6.056555995017238,-1.1948623961555491,-1.8143681470609292,3.252823300341748
2018-08-16,5.977749610707688,-2.13119026864726,-2.940320748477672,1.9306915256910553
2018-08-17,3.800690064734861,-0.9122683651908623,-2.578294125746879,2.6643526081975786
2018-08-18,4.328096320069105,-2.445556790815444,-3.441067411977696,1.552082503255277
2018-08-19,4.2188792155833745,-2.7212475858581047,-3.6413680818499716,2.0939990649474227
2018-08-20,4.295885135477188,-3.096189025525623,-2.391767108694671,0.7109497428767098
2018-08-21,4.5995609327673765,-1.995067890457241,-0.9976187882682048,2.3858340689336357
2018-08-22,4.396609186103176,-3.340804175057582,-2.06587850906186,1.705824597594158
2018-08-23,2.662757575852228,-1.603608277521058,-2.694883083155959,3.046467476895873
2018-08-24,2.833920727788749,-2.812713125479065,-1.5324728994324122,4.834534465830772
2018-08-25,3.1349960776581782,-2.7084993281794483,-0.8477669619017152,5.5073664259893285
2018-08-26,1.9192003317577027,-2.8417410146460083,-0.4900330604501176,5.350435775981598
2018-08-27,2.5675109680400943,-2.3810032230916525,-0.5767613266040024,6.424878172800152
2018-08-28,1.826261488624007,-3.093954080463702,0.336229970206086,8.132637761290695
2018-08-29,2.9563012614806596,-4.4449347220440965,-0.24569949518998868,10.1113333930036
2018-08-30,2.145693331808518,-3.4598174550241323,-1.5829395950648968,10.863254966683403
2018-08-31,3.3535180585801707,-2.304383264709085,-1.366534494950832,10.14348615587092
2018-09-01,3.3905298835247524,-2.7415329212283464,-1.8402173127592778,10.094837192918908
2018-09-02,4.242621002959813,-2.023085349663075,-2.6235227344963152,11.023324256024141
2018-09-03,4.210187811174412,-1.6738138456083484,-2.9005370771702874,11.797362725425087
2018-09-04,6.3885446654871405,-0.824299250211801,-4.730433557286418,12.112573096575284
2018-09-05,7.117339698985159,0.5978676833601122,-5.741654792482045,12.789702629799276
2018-09-06,6.698265259382614,0.5546300832242801,-5.893438862132862,13.586824663789097
2018-09-07,5.944528597567137,2.0759041878190096,-7.0970970377806655,14.306136815279444
2018-09-08,5.905163200119554,2.7883815522735262,-5.896947211576322,13.554887561710492
2018-09-09,5.130093052980958,2.4952979022784483,-4.965213441137664,14.667804065502779
2018-09-10,4.1835796415366335,2.318841430467552,-5.047383958620503,14.607095242353566
2018-09-11,5.565888853036757,1.3473937169082175,-5.845262038211698,13.41184084613451
2018-09-12,3.9305408664193875,3.7867600918637585,-5.648212864499039,14.06855235157368
2018-09-13,4.979619651785885,3.352345064347557,-5.8519574731439095,13.471931754329967
2018-09-14,3.767643072180947,3.1017757420174257,-6.21713792610869,13.58151047103576
2018-09-15,4.242168534200709,2.068393773314873,-5.890156835081832,12.295491078422465
2018-09-16,4.986811566574684,0.25933810870866614,-7.731588723743629,11.552707472962144
2018-09-17,6.551308457114023,0.9720288449655619,-10.165992932400737,9.495271906622285
2018-09-18,7.8193586721234105,2.73598547851904,-10.12349395604764,8.625578896569353
2018-09-19,6.858817469644287,3.3345452620455163,-9.855938898928846,7.142294213108367
2018-09-20,6.806970917875031,3.082193959679585,-9.149046514533113,6.214186693997707
2018-09-21,7.248623249638905,3.086134565602873,-8.539470939931403,6.6292017676596355
2018-09-22,7.742506660875571,1.819219105997278,-9.48894312968356,8.143264803992642
2018-09-23,8.838221185963345,2.1973182347635163,-7.76616543454823,8.51293113335587
2018-09-24,9.490844405926804,1.2940939991097173,-6.782677036471692,8.79876128834203
2018-09-25,8.92345109196191,1.4734658233825417,-8.200221802825164,7.540715139284712
2018-09-26,8.594102468413249,2.530089609348291,-8.269206252503855,8.021797874955485
2018-09-27,10.268419203398713,0.7309755621282543,-9.988749470996229,7.86374961625693
2018-09-28,11.561662310780047,-0.06731485421700811,-10.448427237621278,7.11113047969751
2018-09-29,11.402151954147717,0.6720138054461937,-9.505280230759094,6.0588870953613005
2018-09-30,9.210992892077858,0.9874819953806111,-10.784446042118157,5.326907433361462
2018-10-01,8.219227559951083,1.5811284193763182,-11.488098531089939,6.980965719046406
2018-10-02,8.42095567796327,2.1185374074117487,-11.522320692227995,8.053763516743768
2018-10-03,10.349262481350708,2.062684491046297,-11.015432051105517,6.982417543698011
2018-10-04,12.45124734528933,1.2050159187340026,-10.273183357245683,6.879116211625893
2018-10-05,14.862356426018707,2.2727219618427332,-11.64099739169604,7.586564849543362
2018-10-06,15.116439284153213,2.7499789257652885,-11.44498293633583,6.8119711431718875
2018-10-07,16.722789619375483,1.700711314795895,-11.282776778165228,6.747518200581955
2018-10-08,18.35862326779379,1.8173592140235273,-10.780733589929971,5.973808756413057
2018-10-09,19.4412230984929,2.229913931155268,-11.38153073727984,6.669594083230736
2018-10-10,18.954159130542973,1.812697861347199,-12.064224788286031,5.944380318999394
2018-10-11,19.49849476527753,2.0183956372014062,-12.649123354851733,5.8468960297542285
2018-10-12,18.580591780937215,1.6494301112613892,-13.786677569656952,4.624293663091722
2018-10-13,19.247532225151065,0.9151110377258347,-13.929047568941495,4.631163496100953
2018-10-14,19.085992988918846,1.413581029005535,-15.274557125049927,6.350546378840138
2018-10-15,19.01223947941298,-0.25310229450840005,-15.479984840024043,6.964117825968056
2018-10-16,16.698972921407325,0.05421451922722731,-12.922508734772242,6.12462742644002
2018-10-17,16.895319739591194,-0.31729914285343286,-12.744993011386686,6.039596333786865
2018-10-18,15.657127462247612,0.5038396871105568,-12.552338989641102,4.611526485960544
2018-10-19,16.491482283098204,-0.4893152252891825,-11.462180806634947,4.981940946471327
2018-10-20,16.79904051097201,-0.9066940725545432,-11.125804803100836,5.150667191391821
2018-10-21,18.005386975314472,-1.1136587057122764,-11.756958618420386,4.728758254480179
2018-10-22,17.973114189694932,-2.3549420248919155,-13.831931532721697,3.3638013563698035
2018-10-23,17.794262031209055,-1.1203111805172632,-13.66827713209167,1.828064101490243
2018-10-24,18.7941532067761,-1.9781522430117464,-13.105445709599854,-0.7179565292984289
2018-10-25,18.55467229435883,-1.595946340988208,-12.078702435545887,0.037363697677776586
2018-10-26,18.756555744853255,-0.5407200298727404,-11.25084995346263,0.8807512246439405
2018-10-27,17.719927253559707,0.13314639001457518,-12.382503072490266,1.4135864502472728
2018-10-28,17.41037328436602,-0.45303522949430974,-11.179789952126708,0.9060507527731765
2018-10-29,17.801771619374637,-2.2070791788238284,-10.92813844540169,2.1571441570174006
2018-10-30,16.84129662935382,-3.1243769459840665,-10.502222415791017,1.1508163821194828
2018-10-31,16.240900877154818,-3.8212597574293232,-10.890720016821806,1.1252986193136794
2018-11-01,17.35051642899157,-2.813884719909718,-10.188365244193541,2.777880333148392
2018-11-02,17.89393689428517,-4.800201284433917,-11.647754929085256,3.501509454009697
2018-11-03,18.598450279847185,-4.726839948562317,-11.78738897136474,2.159412737027757
2018-11-04,19.203801769250635,-5.311574508695101,-10.608395990097762,1.8798818653141252
2018-11-05,18.87879006884795,-5.577855205823404,-11.370002624921389,2.228313972790359
2018-11-06,19.11616873214212,-5.363574721426953,-13.207554365933202,2.8268288547997136
2018-11-07,20.51650417939229,-4.572292989666729,-14.482511294996122,2.657141428214686
2018-11-08,21.612753965270272,-4.9443136719234255,-13.27771903562078,3.4238860528387
2018-11-09,21.614973863823565,-5.414523780723882,-15.03535015692231,3.321233784954735
2018-11-10,21.51182814801274,-5.759383745783182,-14.650153446270332,2.5365856979120216
2018-11-11,22.9445451886001,-5.839080736966166,-15.133135767814787,2.776498691527269
2018-11-12,22.457361643730238,-4.185367781882134,-14.641734519873554,2.2807238962304557
2018-11-13,22.135556594753226,-4.438667463993038,-15.798222182725205,0.7457013755111248
2018-11-14,20.765519103199843,-4.610914387666452,-16.634589297750217,-0.0742278715619612
2018-11-15,19.153028930397166,-5.317163319941489,-16.512234532065698,0.32114421629743983
2018-11-16,19.310321823639743,-4.960172272850153,-16.3718076502786,-0.877372372324015
2018-11-17,18.78358559778915,-5.101242617930329,-16.429564309175575,1.499169982714013
2018-11-18,19.49744182529736,-5.40889480303826,-15.65257405539539,0.4718777189236969
2018-11-19,19.328379355145522,-5.3274631640554855,-16.248927029591115,1.0889920047676211
2018-11-20,17.704110442125632,-5.085055946310675,-15.756319857054995,2.445781100749243
2018-11-21,17.042001943513185,-5.0123514523076995,-14.112881301036785,2.1060756224252817
2018-11-22,16.664546215595585,-3.477093301285519,-15.563724225599339,0.9144357033097255
2018-11-23,17.28498045956379,-2.8806710164270424,-14.828150095530765,0.42723127974942804
2018-11-24,17.79536108057095,-0.977939535216741,-14.37096118334689,1.9748372710015094
2018-11-25,18.263001987579578,-2.926814564895719,-14.379738751945016,1.420373739526449
2018-11-26,17.03124970943624,-4.107487907157212,-14.314184832125312,2.386940663751675
2018-11-27,17.141803479267722,-4.858879481920285,-15.281435999820145,3.3037310206323274
2018-11-28,17.17084192310119,-5.0347751873538815,-15.692328016902888,2.7775258586885228
2018-11-29,16.817781449524386,-5.433844534110894,-17.125794569164558,4.1632515140245525
2018-11-30,16.059444673509528,-6.719720541787912,-16.600728096257257,4.980779953740253
2018-12-01,15.937318011347852,-6.234585726241359,-17.262903226579116,2.7230498674975383
2018-12-02,16.152162768920103,-6.747436888571604,-15.444771042228648,2.956773296950465
2018-12-03,17.723386994045445,-6.731275948329285,-14.663509688203613,2.591125996814535
2018-12-04,16.45516758949175,-6.360990731864245,-14.844174330069704,2.2917821855560705
2018-12-05,15.473065985661876,-6.050881456008301,-14.952841025335836,2.737548948199571
2018-12-06,14.516657030468716,-5.647700240329294,-14.84140456718908,1.1766748235918802
2018-12-07,12.866070406321066,-4.923939620294396,-12.085485169559934,1.1154177374924206
2018-12-08,14.5129007010466,-4.952012958175236,-13.876882787555314,0.5455945851222447
2018-12-09,12.71764394525104,-3.3277831948454675,-15.13525274013832,0.6697642402826754
2018-12-10,11.420298455589915,-3.326032955745187,-14.886668504547677,1.0369481889113032
2018-12-11,11.690049431615654,-4.198750289887086,-14.650765892250003,1.8280747885907283
2018-12-12,11.75089543012999,-5.303212417654146,-16.612813252105596,0.6114766808041916
2018-12-13,12.284725883486697,-4.916240413541866,-17.081124573749893,1.9983697433092977
2018-12-14,13.51734853033789,-4.504844982106917,-15.664186251641292,1.4678757214020468
2018-12-15,14.552695580860295,-4.423429126371939,-15.207054944751702,2.5141311019123966
2018-12-16,14.847339645375836,-4.798655682533092,-15.5003440027277,1.6781683310690252
2018-12-17,15.844021776686617,-6.714704514123604,-15.173054229341382,0.9121832898274942
2018-12-18,16.00993825929742,-6.29481832402731,-14.204865936407339,-0.7313040230608703
2018-12-19,16.541063045873983,-6.464767132407221,-12.487289742316955,-2.88388000945175
2018-12-20,16.22378745752666,-7.53257052358604,-12.396205431810726,-2.854696848537329
2018-12-21,15.886377066536754,-5.812415513233928,-13.387425473019235,-1.6422268126993853
2018-12-22,16.67871113151979,-7.020413210403959,-14.379820895376186,-0.024953126349365418
2018-12-23,16.06248722258076,-6.073700242079435,-13.133296994703047,-1.6051248381175307
2018-12-24,15.169541250531228,-4.663200542363689,-15.135247010483408,-1.7197842824918224
2018-12-25,16.581966594745616,-4.18258312684319,-17.48369087731607,-0.5402401784078756
2018-12-26,16.61662740881954,-4.909030430109209,-18.657907973878036,-1.7319192433799853
2018-12-27,17.812855741354003,-4.247910541256143,-18.940914002082152,-1.944985556205033
2018-12-28,16.741791912512504,-3.9887945004218444,-18.658617954760363,-2.502652716166919
2018-12-29,15.781445575076352,-4.467906959127826,-17.916801248818054,-3.393090177501594
2018-12-30,16.141405645134622,-3.904990192096262,-19.40574777529816,-2.065767666003781
2018-12-31,17.489543843767937,-5.55169816416929,-18.471969566541837,-3.7176240639161167
2019-01-01,18.378837370191135,-5.461888631564344,-19.83532311630621,-3.6256049845756406
2019-01-02,19.147931533254763,-5.007535793132867,-21.693731230798036,-4.20791269034558
2019-01-03,19.32647144412013,-3.834362101141032,-22.15046897427711,-5.180556262173092
2019-01-04,20.12906719471164,-5.176602550656796,-22.78201897079742,-5.740985099869153
2019-01-05,18.530042721202033,-7.0145817468245815,-23.59282440778165,-6.199323373065676
2019-01-06,19.04169658056796,-7.63206274442495,-23.236470054649516,-6.794221260278638
2019-01-07,18.59194767244319,-8.201253623946076,-22.2525206375494,-7.481824151351289
2019-01-08,19.13758017004697,-9.725122452197603,-22.736736307665367,-7.369957626253988
2019-01-09,19.983194390704107,-9.404977714827202,-22.71472260790157,-6.729887263107294
2019-01-10,18.617482578993634,-9.966021069822595,-23.02089281515318,-7.050090452394387
2019-01-11,19.448347655112297,-9.685196611842096,-22.821330617179974,-6.897537006596805
2019-01-12,19.61902387778129,-9.57258681465527,-22.546967771485672,-8.437185493358342
2019-01-13,18.972988230454625,-9.793773434414497,-23.16270236220785,-10.062720526070542
2019-01-14,17.59593794226119,-8.74540287399314,-23.151399693661205,-11.580230123468715
2019-01-15,17.18487897207903,-7.268833665634457,-22.54278820645412,-12.638067132214596
2019-01-16,15.418989977906257,-6.691749238975974,-22.618438054246155,-10.580233095404713
2019-01-17,16.348983673902968,-6.314894213052166,-23.880552125450016,-10.531859581078221
2019-01-18,17.21123688436291,-6.424128416997197,-22.47854768962306,-11.082782736386253
2019-01-19,16.842572632173415,-6.5756106220100285,-23.874737514004483,-11.164539855418914
2019-01-20,17.879890186635564,-6.431886785540259,-22.413114924080535,-9.17226582664905
2019-01-21,17.82363586657576,-6.245617750254663,-23.47828066035107,-8.99943612552837
2019-01-22,19.953477830263566,-7.37989917172632,-22.755397738244866,-7.983126842222578
2019-01-23,21.717384265333365,-8.08367009716284,-20.55223210387589,-9.194731408704309
2019-01-24,20.0220863826713,-7.32264520512479,-21.019042331715283,-8.749842151908672
2019-01-25,19.447150713151693,-8.559107892102894,-21.45696316030675,-10.223426403232368
2019-01-26,19.007346748366924,-8.646080788193665,-22.174241335666117,-9.848670277457797
2019-01-27,19.186518354415714,-6.291593511882587,-22.026278130955898,-10.49322213551015
2019-01-28,17.601933758242126,-5.820791327579765,-23.15364943363833,-9.14416476980002
2019-01-29,18.504742436895544,-7.000716123777838,-21.94099668109309,-8.28093176097359
2019-01-30,20.043304876099185,-6.978437543400252,-19.98240075954179,-9.466478953144481
2019-01-31,20.388028600512786,-6.36213082839914,-19.032783783317733,-9.745665395311399
2019-02-01,19.855868379592994,-6.358387566414885,-16.914010642157425,-9.083098091826892
2019-02-02,18.751305784344748,-6.919232026519008,-16.204003186507475,-8.462382964287883
2019-02-03,17.991172325896525,-4.721295616048292,-14.948236341645758,-8.11658943195675
2019-02-04,18.767133828012547,-3.6359107375833,-14.482782718527499,-8.176801330568795
2019-02-05,18.828870505605064,-3.673983609090587,-15.535931182030527,-7.001211514138608
2019-02-06,18.658470603898703,-4.697425290988559,-14.84044174440202,-6.537072343996816
2019-02-07,18.120890809915053,-6.80100797749841,-14.908554388701877,-6.768631197069756
2019-02-08,16.926439761578845,-7.748909274762439,-14.314904930332682,-6.541276694555694
2019-02-09,16.601667983619723,-8.681038485038865,-14.783008417721788,-5.903678677787182
2019-02-10,16.293554258754778,-8.634944204928097,-15.333007581030103,-5.844994187421488
2019-02-11,17.74605597826099,-8.468708075396885,-14.247090518135087,-4.582652830645146
2019-02-12,19.130305567089223,-8.65202729693625,-14.971362583913221,-5.455849543327922
2019-02-13,18.983773594031632,-8.717737054093995,-15.123816834995495,-4.946605122238199
2019-02-14,19.120264646893354,-7.538500362293795,-15.848874947783665,-5.784674157219006
2019-02-15,19.515055926749003,-7.292106500035672,-14.755481067606462,-6.235244903179371
2019-02-16,19.931562171018346,-6.710118432642845,-13.966809488850721,-5.895610911847919
2019-02-17,19.96469132131604,-7.28657431429591,-15.749418950985559,-4.215344870050543
2019-02-18,18.556928693241023,-10.39546480695309,-14.694977388074982,-4.866592934574886
2019-02-19,18.861267598221765,-11.334089073446853,-14.65294407961628,-5.647151666829182
2019-02-20,17.764396466896702,-10.973286010181177,-14.700470961965552,-3.8411041705601425
2019-02-21,15.618307043852663,-11.974441041564624,-16.550067225681644,-5.660573529131126
2019-02-22,17.884560710067035,-11.19934140831692,-17.421444931102727,-6.679181485703238
2019-02-23,16.92691717781052,-12.008916002843483,-17.57696882843162,-7.470768558677172
2019-02-24,16.924778238777314,-12.484697498388043,-18.387873681649,-7.230864550929888
2019-02-25,17.457192717752037,-12.735642483353443,-19.583375818445504,-6.894295382690572
2019-02-26,18.20746664290556,-11.88406864568874,-19.915907806683066,-5.6422973205634745
2019-02-27,18.775648574397355,-11.404001135060325,-21.021396403082335,-5.264269359589715
2019-02-28,17.469876156918552,-11.977348862467007,-20.655980409476197,-7.634079461767424
2019-03-01,18.15239765934569,-12.135901963713437,-20.08363457129034,-9.859227616358195
2019-03-02,16.052717510141203,-10.550628728213432,-20.071626666212357,-9.213092981277669
2019-03-03,16.890968066733574,-10.540414883853238,-20.12843846874501,-9.603567465728934
2019-03-04,17.372135488469194,-12.561992285874004,-20.552263517059615,-10.671962400330004
2019-03-05,16.726221627705296,-11.62201829977733,-20.60986020585598,-11.79001428273816
2019-03-06,14.995057241757559,-10.802278634655213,-19.019254995271517,-14.484653573410968
2019-03-07,15.04935590921557,-10.707639171032582,-18.637089686845798,-14.421808133523491
2019-03-08,16.21046489061333,-10.541861730766287,-18.177304668613292,-13.451431459048338
2019-03-09,16.10839001019444,-11.032261396132785,-18.70506975058801,-12.305339351797771
2019-03-10,17.83693033244547,-10.905767230996462,-16.96864684063167,-11.954232035723608
2019-03-11,17.893712244696488,-11.13404429237369,-17.106590899967372,-12.986607201744626
2019-03-12,17.951129062748958,-10.900175670501575,-17.60033050022348,-11.922454613911427
2019-03-13,17.930573489497515,-10.025607736540142,-17.07499124968959,-10.797202157025664
2019-03-14,18.173620667483316,-10.205985147494808,-18.647877275462015,-10.433556113963771
2019-03-15,16.857935588577984,-9.43125117367623,-19.124369284212793,-9.917860143945067
2019-03-16,15.428123446247293,-10.23858862947859,-20.70638902379141,-11.0181658748763
2019-03-17,17.183923639399538,-10.879218013115002,-20.143985433604705,-10.552241220060237
2019-03-18,17.233516362249635,-10.585970320087835,-18.223281242823138,-8.470400207322529
2019-03-19,18.472967011517994,-11.563387654316333,-18.81468749488997,-9.063538301082215
2019-03-20,19.405878901675678,-11.115726668800981,-19.668647189445576,-9.190395880483129
2019-03-21,19.526768283022452,-11.022058018033517,-20.00473044876932,-8.637627002675433
2019-03-22,19.722431485390416,-8.936295213287462,-19.223295002346624,-7.1688742015469185
2019-03-23,17.86126381926409,-8.346628641385884,-20.026862464784134,-8.66493716417849
2019-03-24,20.34089101808996,-8.083737558333182,-20.93607468187724,-7.0809958777512545
2019-03-25,21.794008610781216,-9.26099570577561,-20.936037165305073,-8.969860640757972
2019-03-26,23.189230722485856,-8.780590402020309,-18.961982834057103,-7.9146075521040915
2019-03-27,23.213386902107725,-8.436386267938838,-20.301270877407532,-8.823849126532837
2019-03-28,21.971701132637648,-9.333886391472735,-19.583733426334554,-9.468563228751478
2019-03-29,21.1810621992825,-6.203715729662367,-20.07235402977924,-8.44383779602857
2019-03-30,20.565752832984103,-7.537858688504622,-21.89714091117014,-9.752005254071882
2019-03-31,19.628444819059922,-5.816461558183686,-22.950768922183727,-9.979266230971904
2019-04-01,19.794098867076382,-6.892625110829087,-23.406564500119934,-8.535437528463602
2019-04-02,19.992168330500807,-5.962651805571693,-23.024837858500636,-6.164202874633958
2019-04-03,20.004230250497667,-5.658587074798098,-24.127633755345784,-5.78129050890366
2019-04-04,21.94838079599564,-5.659006437405231,-23.162294208546836,-5.602852271865991
2019-04-05,23.142224673516655,-4.422347782679988,-24.36433851549206,-4.506390370194721
2019-04-06,23.244123906542544,-5.3097928642312455,-21.46400401724359,-4.518175291344996
2019-04-07,23.302382829397956,-6.199039765482066,-21.90739276398614,-4.682839626543157
2019-04-08,23.725017706817127,-5.862795797667036,-22.4973935941224,-6.048001511100367
2019-04-09,23.903770577951025,-6.059845244225081,-22.29832285668767,-7.324534539348143
2019-04-10,25.636300311852025,-5.648053085666695,-22.609116170184453,-6.401542882373674
2019-04-11,27.343057481856196,-6.682257469584169,-21.49524505797243,-6.85380371907009
2019-04-12,26.588672089352734,-6.6153088800511055,-21.4928712866117,-5.77990783609534
2019-04-13,26.988718745501167,-7.049633207849783,-21.240487250173146,-5.998831835194897
2019-04-14,25.34706785223142,-7.718496535189066,-20.769962174568086,-5.756672868197147
2019-04-15,23.925958751550287,-9.550379331302134,-22.244659618095724,-6.379735128204903
2019-04-16,24.61077957068192,-8.916603495220032,-22.663172985703373,-6.821166253569508
2019-04-17,25.762042893314895,-8.869505870282648,-23.564962746470872,-5.368563724276164
2019-04-18,25.52471295691102,-9.090068445540922,-24.130052757785425,-5.993026564653818
2019-04-19,26.95709103674194,-8.72196128138358,-23.903579133114423,-7.187027624826412
2019-04-20,27.535858957816394,-8.40609906460406,-23.214791612965236,-7.499915083769995
2019-04-21,27.741691704795848,-9.440369887994606,-24.903820902774175,-6.972845959523937
2019-04-22,27.42624868084187,-9.511297366857896,-25.062887737070955,-6.085709693136924
2019-04-23,29.553820448513335,-9.336395446500127,-23.052609981279367,-5.06911758099319
2019-04-24,31.2734220503434,-9.430230678370483,-22.329580606772684,-4.497056188023182
2019-04-25,31.302139267199326,-9.410325464646716,-23.529928727271557,-5.951217234109896
2019-04-26,29.212566526156913,-9.695702675292479,-22.49683775384509,-6.056441202191972
2019-04-27,29.13677970905885,-9.817078179795374,-23.32996031495903,-5.744492074845903
2019-04-28,31.03207632038305,-11.05323486394966,-23.05688473385268,-4.964995850866383
2019-04-29,30.75879100939026,-10.53922582613412,-23.134943574804172,-5.977139314110797
2019-04-30,31.81996525132089,-10.800141101250126,-24.017149348512554,-6.3153473832349745
2019-05-01,32.610682470961684,-10.646437649994752,-25.087953216053712,-7.1948904114843035
2019-05-02,33.28926099100873,-9.500959857545837,-25.09198257946313,-8.016535596021795
2019-05-03,34.13055096193577,-9.131670519800043,-25.62803514061356,-7.734807019894132
2019-05-04,34.352764772253494,-8.878066092677452,-26.128672064729756,-8.317445460163373
2019-05-05,34.03230695119988,-8.938924900014356,-27.007611305684215,-8.79622904338661
2019-05-06,35.003164072440704,-10.223725309294549,-27.38752844833419,-8.677360518972973
2019-05-07,34.59016352207001,-9.897938836518737,-27.233893859945216,-8.826657669401717
2019-05-08,34.70462347980219,-8.065033925915397,-27.940164812284475,-9.787171717079627
2019-05-09,35.538965575344264,-9.525207783316114,-28.412673490513374,-10.323176646867806
2019-05-10,35.5919198884475,-10.057909592155115,-29.573119939431542,-11.481214879644394
2019-05-11,35.46974950217934,-10.469805057763322,-29.022896377988427,-11.230757901570975
2019-05-12,35.11887155648287,-10.569868303821195,-27.547382400904784,-9.216388468462188
2019-05-13,33.74370895789171,-12.874764914166537,-28.910308240834347,-8.102315531982521
2019-05-14,34.16939614490178,-13.231975602160729,-29.60114134124165,-7.555340744210194
2019-05-15,33.208258593044434,-12.319751097095391,-29.69064649289546,-6.817504611718918
2019-05-16,31.844604681807365,-13.351284118997365,-29.332678163938255,-6.450487853278342
2019-05-17,30.172548791295267,-13.765243792776271,-30.054994630188133,-6.509813875971225
2019-05-18,28.592395036230226,-13.182107091902806,-29.93714296366996,-6.0591592768078835
2019-05-19,28.2813685739625,-12.133920316914555,-30.66171947628523,-5.997764166071059
2019-05-20,28.952037930409055,-11.61755590440595,-31.381478039731945,-6.846631721712603
2019-05-21,27.282238398358523,-12.40129577464281,-31.966345209238224,-7.160791803207958
2019-05-22,26.932787495145504,-11.915881789788429,-33.258048282883614,-5.173901231807518
2019-05-23,26.02180952765059,-12.860233586117426,-34.44579179584526,-6.638970823225851
2019-05-24,27.88291736953488,-12.141916551600382,-33.677505102154264,-7.066172154679021
2019-05-25,27.2079448575901,-12.536252847867758,-33.76018032244478,-6.867691813993321
2019-05-26,26.310926428286532,-12.4383848822506,-34.36582085099069,-9.078820880348559
2019-05-27,26.37739065246146,-12.479791084363073,-36.61814540033701,-9.916926453225386
2019-05-28,27.479262463722655,-11.758772513699455,-36.416106745580564,-10.60280685563808
2019-05-29,28.94162564998718,-9.986172637698967,-35.66579058078473,-11.316483195900489
2019-05-30,28.548567449570392,-8.298665670459904,-34.96599841231869,-11.037735737471406
2019-05-31,27.299929348977397,-6.9994064407931535,-34.90345729978955,-13.35940214752626
2019-06-01,28.3020811570055,-6.581659193437735,-36.54821446338976,-13.880829868912011
2019-06-02,26.462166049926697,-5.094245476749164,-37.87061132287885,-12.450120711115758
2019-06-03,26.195248677119217,-3.868601797690637,-37.93915216150047,-12.904557763615239
2019-06-04,25.95680294064062,-3.564153153703135,-37.714355291870525,-13.880915602214635
2019-06-05,26.67437822496326,-4.494805728088503,-36.76309519212581,-13.927265393214673
2019-06-06,27.3774354052292,-5.752978305350669,-38.10116762397995,-14.668466259913004
2019-06-07,27.014576609450785,-5.735839582511592,-36.712691814124696,-13.716769171227979
2019-06-08,25.461531509512792,-4.5346887230748365,-37.201057246974166,-12.797334975673154
2019-06-09,25.026976470754278,-4.441142967028924,-37.54710356525704,-11.51182693540191
2019-06-10,25.399355992431907,-3.8189361034165348,-37.45376652333897,-11.594631434735996
2019-06-11,24.680683118807934,-2.1858134638483273,-35.27173715177226,-11.775646856561831
2019-06-12,24.410174179529296,-1.540870658176968,-34.21164627654784,-13.729107856031957
2019-06-13,24.925368351554898,-1.606589872954809,-34.090895917345655,-16.00575595329017
2019-06-14,24.40742398657879,-1.380152476420503,-34.77374723062191,-15.8097511279134
2019-06-15,24.509116153984685,-1.5060652152879825,-35.00648907849406,-14.99877876536927
2019-06-16,25.081426591896435,-3.186651374811394,-36.71968306469855,-15.02642224985813
2019-06-17,25.09765732520384,-2.7114017154024603,-36.816494231333124,-15.02827817890751
2019-06-18,23.955536435837075,-3.4366727544866977,-35.14182238625092,-14.710174183465261
2019-06-19,22.944118342401513,-3.740948846632526,-35.98812962268193,-14.315421467820455
2019-06-20,24.13386124088122,-5.3681255795428395,-35.88124807944814,-13.288647000024326
2019-06-21,23.763904486375868,-5.155605215917169,-35.02712814435463,-14.771357630434665
2019-06-22,21.88519118342039,-7.368304747197998,-35.54109834966987,-13.147892585235368
2019-06-23,20.905444384468645,-7.024452439823991,-36.94326461678408,-11.143225887736447
2019-06-24,21.114144377903063,-6.055212552473643,-36.53499982710419,-10.891388673552813
2019-06-25,22.19765680993806,-6.991803059648871,-36.27348546930972,-12.158170821905944
2019-06-26,19.48829754531082,-5.867700702114104,-36.025817372737464,-12.295106729621365
2019-06-27,18.93296135798888,-6.89024706733724,-35.13697635341784,-11.666234337504756
2019-06-28,20.033583724234663,-6.0889113207425325,-35.803223831759475,-10.594786867516902
2019-06-29,19.4642882924031,-7.796546536495848,-36.28505640282093,-11.78575007801246
2019-06-30,18.962486287492833,-7.702038352062954,-36.51163058574609,-12.0349598950349
2019-07-01,19.77185739367832,-7.048100186314619,-36.80262520506844,-11.69058472638001
2019-07-02,19.602006904900986,-8.559783970280474,-36.879627364548,-11.162115748230818
2019-07-03,19.40953909306119,-7.016152050653098,-35.773603245999,-10.417107724130565
2019-07-04,19.98048659087217,-6.479314414529586,-35.90453006224289,-10.568911664184226
2019-07-05,21.802021576339452,-8.788485242681679,-35.35198893742026,-10.35986795432228
2019-07-06,21.420527283677195,-8.166512353019671,-35.707647746871174,-11.325370322393521
2019-07-07,21.374617907230824,-8.13147251748245,-36.102878285391256,-12.02811423509521
2019-07-08,20.98828871872799,-8.976582724755858,-37.70853317136804,-11.86757108383241
2019-07-09,20.80681842927642,-8.592438366031226,-38.23460197101834,-11.827473519845256
2019-07-10,21.655155569881558,-7.289906790363502,-38.811277945289824,-12.481355272233731
2019-07-11,22.586977680218112,-5.844135296109813,-38.05805290396377,-12.142711567030545
2019-07-12,21.459105923973993,-7.287166962548486,-37.75564281947469,-13.132085543010465
2019-07-13,19.893887436835733,-6.530150777420387,-37.416304166981014,-13.054395060166536
2019-07-14,19.28633887407748,-5.290955672369556,-37.98220614464876,-12.98157183153558
2019-07-15,19.711142516696892,-5.260785610658126,-37.14910511872236,-12.079743913482112
2019-07-16,21.22367261522716,-4.54093460890885,-37.592574377728305,-12.428182398929225
2019-07-17,22.871843515667464,-4.1430684388851455,-38.2447216281509,-11.556134533001837
2019-07-18,22.977659780886626,-6.406578430321067,-37.23656607950931,-10.844620903353421
2019-07-19,24.215571113169,-6.268172660284334,-36.12931941720847,-10.11120304986064
2019-07-20,22.737434909525973,-5.273589232081986,-36.230485892453075,-11.320432659100547
2019-07-21,21.753695809901842,-5.70542231576715,-35.93839307596313,-10.927997678763862
2019-07-22,22.076544260306804,-7.510975841049423,-34.857562228774476,-11.25381132837668
2019-07-23,22.734064129546194,-6.371063883158822,-33.96603545379237,-10.259772267780301
2019-07-24,21.61613589580502,-6.639420521058629,-32.02356105240956,-10.27287098006768
2019-07-25,22.81916528520761,-8.143326413345793,-31.18038400175222,-9.32608046296592
2019-07-26,21.940809811352203,-7.7461596186419905,-31.42433207427396,-9.45088172366404
2019-07-27,21.299071120259125,-7.919734098333567,-32.0638640792651,-9.959928627351823
2019-07-28,21.613093059560104,-7.570202743673484,-32.429340359444744,-10.13351027783898
2019-07-29,21.274039871615997,-6.405232647040994,-31.57394982797003,-9.772237850399426
2019-07-30,20.61692185599373,-5.232476484530943,-30.7950151129431,-8.808252403560878
2019-07-31,21.41424609674118,-4.291694390908543,-30.434380658487473,-9.084291186377234
2019-08-01,20.01124951725481,-5.106703155870563,-28.55806750040769,-11.350471513066163
2019-08-02,19.967878220365016,-5.277758983368337,-28.19894393291162,-10.62849890618111
2019-08-03,20.61866980132653,-5.1121689570587465,-27.724376045776026,-9.929837945876216
2019-08-04,18.88336196775605,-5.941090812188528,-27.16935857382043,-10.411774356920288
2019-08-05,19.087703645150906,-4.281196764174244,-26.858448207850056,-10.107472000620378
2019-08-06,19.754146389979603,-4.310771603537556,-28.276755868258864,-10.05768412228786
2019-08-07,17.92657226804516,-5.483291802752011,-26.83907611831745,-9.01946081060619
2019-08-08,17.45372650674113,-3.6421283651738925,-25.570116688272805,-9.262480072521832
2019-08-09,18.49043980006273,-2.7236933926018265,-25.434961359561854,-10.76777552983353
2019-08-10,19.42809798824264,-3.526432012222674,-24.74578394988598,-11.376918856323092
2019-08-11,19.2735671152333,-1.4114799027953842,-24.483482354859238,-10.68129294681878
2019-08-12,18.96305629756662,-1.904200218018139,-24.693763535206564,-10.992909521142145
2019-08-13,19.024643586206352,-2.131814127183601,-22.550605652615392,-11.636575240023102
2019-08-14,21.21264003805684,-1.2810098344628496,-23.660840995437205,-13.753529944234424
2019-08-15,20.009014394083287,-1.0758888952805057,-22.343946683075245,-13.855276424531562
2019-08-16,18.872812027224263,-1.8668807592185037,-23.234287561324546,-13.632986956365691
2019-08-17,18.382869664768787,-1.7995538357159235,-23.21013401445706,-14.312274204148398
2019-08-18,18.96301999216462,-0.6482656517844223,-23.55636903396698,-11.994258004889048
2019-08-19,17.685332945706577,-0.6394338538016164,-23.024577573726205,-13.020338825001373
2019-08-20,17.255473078903986,-0.5132184784059144,-21.74712977608246,-14.538411409111381
2019-08-21,16.923046363485714,-1.9782303069003535,-22.325526479083408,-14.02204134875928
2019-08-22,17.257537115247736,-2.692862168321096,-23.731184078875,-14.643887595250007
2019-08-23,17.49660025015123,-1.778570483374066,-23.380872501807143,-14.87396626473306
2019-08-24,15.937433485642119,-2.515614948434533,-22.54669687559582,-14.580362978740727
2019-08-25,15.949650249193695,-2.7548626560925915,-22.160102419459605,-15.061217975217826
2019-08-26,15.905835569267591,-4.359382094362659,-23.18644397832,-13.874201034190538
2019-08-27,16.54584721845081,-2.7215467216609257,-20.451248844668868,-14.778073004978447
2019-08-28,15.560833461998335,-1.6325505019632374,-20.95358725940425,-14.623376921242496
2019-08-29,14.937018329436116,-1.1985579328080307,-23.7913456283799,-15.162886095581904
2019-08-30,14.698679893707412,0.7107397176339649,-24.14067257140057,-15.284052039255553
2019-08-31,14.849869748308038,1.648676571802974,-24.174297349293884,-17.272480945427148
2019-09-01,14.016324246913967,2.045367103736102,-24.499988313926142,-17.747344659806384
2019-09-02,15.924841881998221,2.9625410253372078,-24.10016328875823,-18.787623801670915
2019-09-03,14.468874224470982,2.2114662924803103,-24.43027394627809,-19.039636599267954
2019-09-04,13.53044399236717,2.897400763233212,-25.70053116104694,-17.94821866703803
2019-09-05,14.490675344057644,3.120026847357364,-25.293996561307495,-17.389940536307574
2019-09-06,14.286849715587284,3.909082599016049,-25.087554630922508,-16.532273704336202
2019-09-07,12.967050067274524,2.8006433501673227,-24.790516593486785,-15.188263291721709
2019-09-08,14.207440197343663,3.2560695385474783,-25.557903815767943,-14.669760825879651
2019-09-09,13.083513720264932,3.212879210202999,-25.930518975049,-15.137393779724622
2019-09-10,12.512202010200557,3.802260075388915,-26.374658977054022,-13.777369288865822
2019-09-11,13.539119758325624,2.9134069901459747,-27.411592116692784,-13.708556947386985
2019-09-12,15.387494307146076,3.6687928274288075,-25.096169598341188,-11.587061585761065
2019-09-13,14.502751916321039,2.692790175805408,-25.257291594524794,-11.505452200743957
2019-09-14,13.441354260454931,2.433806635787823,-26.32278463316067,-11.60075172472307
2019-09-15,13.861990760069567,2.215935579024134,-24.549839454648467,-11.971177066863161
2019-09-16,15.223805922990445,1.173075206445109,-24.317287764084075,-11.476812783602695
2019-09-17,15.192927661693146,2.805211321526161,-24.664297926275037,-12.182294260830458
2019-09-18,14.858265402240884,2.56412117514376,-23.484828755021443,-9.92515134889157
2019-09-19,14.144536335143359,2.202198345052912,-24.018841753250523,-9.643131990223198
2019-09-20,13.66988212916008,1.663841938961645,-23.670595601589298,-8.085129081811168
2019-09-21,12.93255919704142,1.9772431306513996,-24.362550532301853,-8.77882286218171
2019-09-22,13.003810653715021,2.3154170589046257,-23.92672335101215,-7.858713233927622
2019-09-23,13.444859009294836,1.9997424254158942,-24.719631668551926,-7.07465301236966
2019-09-24,11.578485610749617,3.0060595882654093,-24.709865560735597,-8.32941049920895
2019-09-25,11.883836629158338,3.8673065805962423,-24.469312337645224,-9.406045685183269
2019-09-26,11.750455351759896,2.8353046663073975,-24.1965477714761,-8.05456555860727
2019-09-27,10.95634612953513,0.8407831285913088,-24.457222869339095,-6.606671189844581
2019-09-28,10.810357691437703,-0.48923564495810345,-25.11879155518655,-6.033043053241268
2019-09-29,9.725980683628595,-1.7748201806054582,-25.413420923293756,-6.644533093911987
2019-09-30,9.630480596434634,-3.167247025073543,-26.84292069070423,-3.873969522686901
2019-10-01,8.358863942052835,-4.563145038876074,-25.951202278522338,-3.996484784102957
2019-10-02,7.557872419993425,-2.872471459876563,-26.915732096081953,-4.536673172538454
2019-10-03,7.686927051762263,-2.2304707875209937,-25.297350636411675,-5.434619403325959
2019-10-04,8.104441652354419,-2.511162044112335,-26.088641159305237,-4.686253426138364
2019-10-05,7.923510865994238,-2.909183359984744,-26.45485870120828,-4.655645354634858
2019-10-06,8.346630042926698,-1.7808171926020315,-26.218565281684974,-5.44668204569535
2019-10-07,6.860867182038392,-3.5154235671785328,-26.245157228992365,-5.8270884964262155
2019-10-08,5.135501001971086,-3.7162500636530758,-26.259966509729566,-4.9115277757275955
2019-10-09,4.0616505597044625,-2.970099528506954,-25.76453755073076,-5.873807439047132
2019-10-10,4.450828162590962,-3.637643770623185,-25.652151766113573,-6.038591766147399
2019-10-11,4.80511405846845,-2.76050901934025,-26.30314231021568,-7.022455421923327
2019-10-12,4.686526544239184,-2.404413835252231,-27.391553502997667,-7.512613598913466
2019-10-13,5.935760656306322,-0.9308264169074965,-26.935125516044685,-7.071768751642073
2019-10-14,5.989540984505607,0.27128775574052666,-25.065949079450657,-6.407477432449742
2019-10-15,5.266403894006331,0.13157887809954855,-24.73323890162356,-7.042107559031092
2019-10-16,4.368151009694936,0.3660952682333861,-24.481148270064224,-6.4950095764637314
2019-10-17,3.481241263927572,-0.5717393971251986,-24.616384731313648,-7.960838452663784
2019-10-18,3.512868539243947,-0.24190886901382147,-25.3602654037923,-8.17342878112371
2019-10-19,2.474308497184095,-0.6904651529741845,-24.46639868234803,-9.022455595492739
2019-10-20,2.3970933468166677,-1.7989444066920652,-24.535360697652663,-8.396124457426488
2019-10-21,1.7610713300582224,-2.159404911048092,-24.662688849232556,-9.255526533004867
2019-10-22,1.196479130094733,-0.22508468881055133,-24.909100971655757,-9.985902332660984
2019-10-23,1.9171789139539293,-0.0430138551919762,-25.08056856309637,-11.263964037846197
2019-10-24,-0.36780621885373854,1.1796938410892492,-25.7158710620635,-10.87210473984738
2019-10-25,-1.985234127951001,-0.30666015861993046,-26.941856903054642,-10.687989598580915
2019-10-26,-1.3877300080931745,-0.5538907642039337,-26.22650888073611,-9.689477933824104
2019-10-27,0.4692786934114306,0.6998455644884056,-26.009755391053467,-10.778913659863932
2019-10-28,-0.43677203688624155,1.0508848828093098,-27.559025018456975,-10.777351165268884
2019-10-29,0.3712482290875382,0.5389508116833843,-26.51422097395654,-9.973517260731157
2019-10-30,-0.23774833022761133,0.79037768610394,-26.661736519328286,-10.496319709765459
2019-10-31,0.6771803453843513,2.4186894821678084,-27.29304058228788,-8.96842439792642
2019-11-01,2.154579966675643,1.0716480877778665,-28.410981324332365,-8.357477195230379
2019-11-02,1.327879752723269,1.581033847719521,-27.906186353890387,-6.741087705465429
2019-11-03,2.945681662560933,2.7142600237632544,-27.117706573189338,-6.886627835852293
2019-11-04,2.203525064654379,1.028201181346732,-26.339577167107482,-6.8114859124352405
2019-11-05,2.829214129029258,1.7890606305187275,-24.774916272486116,-7.24754207425618
2019-11-06,3.334149524503457,1.102226507587559,-26.33113100288607,-7.890712351540829
2019-11-07,4.632952382328213,2.6409468408075374,-25.883980461169404,-7.167991412669618
2019-11-08,6.028865648180697,2.687070680395741,-24.01619464304801,-7.310735575824288
2019-11-09,6.44524932446387,2.722672501533435,-23.4567451993417,-7.00254572957685
2019-11-10,6.051125641185848,2.425559397886912,-24.688062315549864,-6.333438725513599
2019-11-11,5.493966896545267,3.2626628027135283,-25.461414781061553,-7.208830379008808
2019-11-12,7.459983105496076,2.250671448709417,-24.692094645235763,-6.190082665427905
2019-11-13,6.331461194885902,2.563455228821771,-24.76368523868206,-5.462869813391309
2019-11-14,8.069459781153219,2.1205407988687863,-25.887110799477526,-6.026719927491518
2019-11-15,7.116828936658161,4.70126222138116,-24.774084867587508,-7.164283884724399
2019-11-16,5.273772780578235,4.098215421213362,-24.583998480745393,-6.560635104553688
2019-11-17,4.711700559834958,3.199013038363499,-25.13142626291464,-9.016176444349632
2019-11-18,5.471090798969916,4.574136683618041,-25.05087095236612,-10.413831656188924
2019-11-19,4.956419888449876,5.627727767045118,-26.784555399634993,-10.414648654244651
2019-11-20,4.298126284666251,4.618499399313351,-26.30768881564695,-9.129421945622312
2019-11-21,3.9926991686341364,5.409509306160037,-27.349511312566968,-8.797247737456122
2019-11-22,2.429344857112284,6.240014658034914,-25.858283116711796,-8.092502117060679
2019-11-23,2.54254965835763,6.9877412699306305,-24.271609865339688,-8.45213503934297
2019-11-24,2.4539975068189723,6.77498993235589,-23.769981599280214,-11.216000152732699
2019-11-25,1.8944962625325714,6.2696597898104764,-24.167486407044183,-10.557376477362618
2019-11-26,1.5734930229818918,6.657297767259247,-23.523111930001775,-9.949211781531872
2019-11-27,0.6416290603786727,4.9954832944763,-23.38125065197422,-9.876900496792901
2019-11-28,-0.028938259406714684,6.141964291325907,-21.299523302447934,-12.465520721022948
2019-11-29,-0.09580678015649363,5.318494767562937,-20.627884589396107,-13.100371432087774
2019-11-30,-0.9048181910000317,5.2721655852493825,-20.314197485212652,-14.932439388658079
2019-12-01,0.815427938990827,4.685059647783673,-21.958789705409707,-16.689423570865916
2019-12-02,0.4547111977808543,4.592852458477823,-22.076555167967182,-14.989666354536975
2019-12-03,1.5696036724872053,3.6238532492609963,-24.18813966235036,-14.277057148872299
2019-12-04,3.5215081734539915,4.314956282465653,-23.225736344370777,-13.677749893445021
2019-12-05,3.361651153128269,4.248356863254534,-24.054000772348203,-13.514646687903857
2019-12-06,5.617646310286508,4.334426728682043,-24.36456289598722,-14.82172894736627
2019-12-07,4.8445949516821765,3.6014042360522827,-26.32888050887961,-15.801185484651107
2019-12-08,5.527050725834876,2.8191337638390026,-25.781215089441503,-16.386243748603427
2019-12-09,5.729557141222916,4.316823198669668,-27.335319985854973,-15.66799950534029
2019-12-10,5.50176726796915,6.532638746966461,-27.89554335957215,-15.290412959529998
2019-12-11,3.6362166346409874,5.91823180355148,-27.989803918882973,-15.847842439601903
2019-12-12,5.208722712757004,5.232396591253793,-28.93973624273948,-15.71060815642525
2019-12-13,5.355450749521665,4.965660362505999,-29.74766748550465,-16.079973064450297
2019-12-14,6.8710592893307005,5.479100146091135,-29.187340806435284,-15.499514262857351
2019-12-15,7.676361914703347,6.2092296682263814,-29.303245204815177,-15.467816112499737
2019-12-16,6.9996240315202805,4.900214922499489,-28.16223772526036,-14.784029315196936
2019-12-17,8.789638773002366,2.6664760344011307,-27.44603849950615,-15.046826208458368
2019-12-18,8.516357613416513,3.934673239678109,-26.882132061795375,-15.898554518846403
2019-12-19,8.859397424115748,3.8748757463581054,-25.450514695258573,-15.802164427284694
2019-12-20,8.9405143599951,3.9438060798870307,-25.05669084813763,-15.042516531783422
2019-12-21,9.768083586619314,3.671834518789347,-24.714655123615575,-14.935781767290123
2019-12-22,10.960602297171333,4.32446623394347,-24.07571499087345,-14.74564291531037
2019-12-23,11.37717650575716,3.8425097986998384,-24.11200140144121,-14.538457175163613
2019-12-24,11.421245127673908,5.708089845494852,-22.832371247522012,-13.753728028390444
2019-12-25,12.960561665202132,3.830911832153288,-22.710260170403032,-15.032557464450012
2019-12-26,11.595192718362153,4.720976558811665,-23.89666744325165,-13.676315365900832
2019-12-27,10.56523014694406,3.62064865916752,-25.539107088661062,-14.122018418790924
2019-12-28,9.29472984207569,3.216662858032808,-24.826784161893087,-12.092423969707452
2019-12-29,9.092122416156371,4.910896665431984,-23.406660425670154,-11.781620308930782
2019-12-30,9.146700695621016,6.600092861368692,-23.78240302595761,-10.736693122826944
2019-12-31,8.513079641556438,6.03283902843851,-23.868005046156522,-10.433879552937151
2020-01-01,7.847738789450119,6.884419780488982,-22.14523203321018,-10.634847163828299
2020-01-02,6.922294446654073,6.255636497622266,-23.0375600673114,-9.354396537838777
2020-01-03,7.41833789404687,6.262543279633749,-24.274379712221275,-8.406501209005693
2020-01-04,8.532563671592069,5.357703836602611,-24.10353797644462,-10.459274314370845
2020-01-05,8.85852504868603,6.309737991060678,-25.5077765830057,-9.270027080615842
2020-01-06,9.786902988058223,5.542233613535165,-26.597482724549867,-9.996361397862241
2020-01-07,7.982943267030093,5.0408479180087795,-25.58764051298765,-11.237874141450789
2020-01-08,6.195878833465076,4.645582303328473,-24.622785427732186,-10.310631041365484
2020-01-09,5.77142587929514,5.091032395986127,-24.877561773000107,-10.951399591872216
2020-01-10,7.645762173211594,4.346335319485885,-24.641675605772672,-10.82452025590464
2020-01-11,7.013831106698452,2.9039106666013708,-25.350795395100107,-10.385079344255093
2020-01-12,7.164727527875045,2.7596577437066605,-23.569503496469164,-11.811132377572639
2020-01-13,6.8743254957516235,3.177190428131952,-25.600425601996275,-12.962087620114499
2020-01-14,6.307038156609181,3.0605640967110594,-25.853938997738663,-12.463508092292278
2020-01-15,4.43866834370087,2.971890569878874,-24.37181576119498,-13.324903148638617
2020-01-16,3.528304649668505,0.6143797611520485,-25.29998831245337,-12.829533011430646
2020-01-17,3.402749829251339,2.028236380886073,-25.402298661160295,-11.969657874642937
2020-01-18,-0.5363889209314321,2.4685105776115,-26.648552811351667,-12.059712229935188
2020-01-19,-0.2230101070401161,3.5002420242546317,-26.597321181694152,-12.231699014074213
2020-01-20,0.7295363545145874,3.218334739977098,-26.573890763506764,-10.672507180969761
2020-01-21,-1.1620488958831285,4.730311320561612,-26.66715378787463,-9.720747014324752
2020-01-22,-0.8183476079349571,4.572840155495002,-26.841835424556848,-11.010069076122903
2020-01-23,0.838462739606996,4.582520846856586,-26.71792656282989,-10.423833522695487
2020-01-24,0.9178053020957548,4.412598801115468,-26.39390454468864,-11.104215060454079
2020-01-25,0.5095395355203545,5.498508394909447,-27.714299879695496,-11.453964638182118
2020-01-26,1.0523828028180167,5.672312396497889,-28.799225198967672,-12.591152796544915
2020-01-27,-0.12449143461519774,7.156076780159108,-30.47031939334714,-12.673615505338068
2020-01-28,0.974448036212495,7.189663374527687,-31.401760857286824,-12.548682709091699
2020-01-29,2.392737196848203,7.149612752158949,-31.650043615704657,-10.881718420415718
2020-01-30,0.8465208364784698,5.801635319591796,-30.58011783226597,-9.67911907010367
2020-01-31,0.41018174501759996,5.216604632024005,-31.03788961285483,-9.234254734884813
2020-02-01,-0.6720094874833884,4.630015228409932,-31.626310653590107,-8.74100246225536
2020-02-02,0.4360196044344735,5.029332145318475,-30.988572054924088,-8.629431460256036
2020-02-03,-0.14408126069054084,5.4520575390490045,-29.784565991691398,-8.879865141836566
2020-02-04,-0.07680792685208968,5.460108413368827,-29.39028117371414,-9.504994425235333
2020-02-05,-1.2477276846150882,4.89675812963654,-30.047682222788538,-9.54773875339669
2020-02-06,-1.7951846440554073,3.776439576825429,-30.467451138947773,-9.701988269337974
2020-02-07,-0.6387578036089454,4.562619785694556,-30.591834633421424,-10.876278037059423
2020-02-08,-1.2136229214345495,3.1735444903661154,-32.1295789830822,-12.163986271086733
2020-02-09,-1.1693407613586742,2.75249249987567,-31.49523129719396,-10.161092456378338
2020-02-10,-1.3093924411092241,4.113969203054609,-31.676195979176228,-10.682589658133727
2020-02-11,0.24686681009101874,2.7731216896035216,-31.297391668037726,-11.82612564073759
2020-02-12,-1.0412461295879771,1.7903266967206726,-30.795584971745946,-12.225939085573742
2020-02-13,-1.2259597620742384,2.760708959884327,-31.04394110798599,-11.100834819180175
2020-02-14,-1.2200736998144883,2.9050547264041993,-31.27213776495122,-10.06280875260726
2020-02-15,-0.6458464719319197,1.8085329072809744,-31.855880278374556,-10.790479458115472
2020-02-16,-0.2902520504048931,2.8184151001053257,-33.10730541004382,-11.654718791090895
2020-02-17,0.383452351550878,2.3967567440402053,-34.476738881898335,-11.24082924791522
2020-02-18,2.5976585990370546,0.7559995207729093,-33.875366812275004,-10.072398861865603
2020-02-19,3.8739942527505358,0.15147081387849404,-33.995936953187524,-11.425716842822274
2020-02-20,4.899208949503985,0.6632144384200227,-34.537845237657685,-12.24403367380275
2020-02-21,5.49588551768413,0.13462818221121864,-34.9340739863307,-11.628350675749575
2020-02-22,5.329664822223672,-0.8172243755000564,-35.84320225207346,-13.199715641005191
2020-02-23,3.762906957569743,-0.6982023557491241,-35.178143899407054,-13.597682149894181
2020-02-24,3.69005500294575,1.9800334944106415,-37.23626410271811,-14.105123097378856
2020-02-25,2.354635450674352,1.4555127910965893,-37.30105188922556,-13.307213061720045
2020-02-26,2.4937534087697526,1.6807449394680514,-37.73536853953768,-12.140318641536647
2020-02-27,3.149958906968445,0.7056092994060745,-37.142303642681604,-12.653317863461318
2020-02-28,3.6390869952960787,-1.8083884502567873,-38.05114150214561,-12.466305534628102
2020-02-29,2.355308601948228,-1.4099357240338923,-38.67895645834323,-11.546787384539254
2020-03-01,3.7413874329604146,-2.2846382332370747,-37.73241458217593,-9.421607616636413
2020-03-02,3.992667886810214,-2.315709036626617,-36.70936740367269,-9.10083250069267
2020-03-03,2.5186346067895333,-3.1179881342286495,-36.498192899800266,-11.119841073421776
2020-03-04,1.884424438994441,-3.614934842491556,-34.47923429737634,-10.53948417317656
2020-03-05,1.7708761136698679,-3.036377340489247,-35.26163603778025,-10.80169272601708
2020-03-06,1.848857303736224,-2.508760150957824,-35.45404240381744,-9.803734536069948
2020-03-07,1.1906192212042939,-2.721821350792928,-35.02045164274073,-10.596530840431008
2020-03-08,2.80076952673089,-0.7869136332950437,-35.222219429183426,-9.581165950327918
2020-03-09,3.272975783806529,-0.11079324488749454,-36.581084933877804,-9.396015914989064
2020-03-10,3.7130504228860532,-0.3041917825573144,-35.75727395600103,-9.463474224510062
2020-03-11,4.200064200067407,-0.32836672918867016,-37.02724060416648,-10.19444268065905
2020-03-12,5.578429506465989,1.742535833907369,-35.87786981747983,-10.170113526246228
2020-03-13,4.994430776669962,2.2291131853163644,-35.49861109317433,-10.916387854877094
2020-03-14,7.263279381821964,2.290724258868761,-34.94778558621848,-10.149632537551021
2020-03-15,7.171325839805948,1.5307708773018696,-35.86663686725436,-9.645667905571049
2020-03-16,7.773446480512862,2.8810948514939954,-34.7976141381174,-8.58295735315977
2020-03-17,7.955667351831422,3.42393172820614,-35.010223556240106,-9.206992148115445
2020-03-18,8.546644774645474,4.88446475146619,-35.82504175245313,-9.37679312965546
2020-03-19,7.8656373710484235,4.434687757137984,-34.23081066202607,-9.301802361955103
2020-03-20,7.543030450628236,5.200518537707872,-33.213890432067394,-7.4883351103684594
2020-03-21,6.674975769579355,4.7779565123455345,-32.888062534804405,-8.442718207116386
2020-03-22,6.133268573280025,3.9658041108164657,-32.47879925880583,-7.87966034714444
2020-03-23,5.092882145287342,3.789646629783023,-33.315537126446344,-7.405823264274783
2020-03-24,4.455836084812739,3.3936907264069727,-35.81049803475494,-5.743079166523087
2020-03-25,3.1911115649239163,3.2430107742342478,-35.52110542319986,-4.619005629780273
2020-03-26,3.6793070040554237,0.799384555854008,-35.400148868668296,-3.449076237043415
2020-03-27,3.485611870069876,-0.5645603150949956,-35.19069067519948,-2.974994489319223
2020-03-28,4.3969730889593555,-1.0652599458789407,-35.12948831223368,-2.5496133407940382
2020-03-29,4.283573309400876,-3.0823372410796592,-34.87859396509364,-1.858163454216236
2020-03-30,2.969507884567077,-3.311834737830286,-36.461552260044236,-1.3853402102144519
2020-03-31,3.089097373892506,-3.5846627712346697,-36.35656617820499,-2.8348409587490018
2020-04-01,3.506423409515492,-3.4734710413464973,-36.1581181968467,-2.4252527061748985
2020-04-02,4.9269165377510875,-3.5664846038541658,-36.39400837403078,-1.092255031892813
2020-04-03,3.520654078445358,-4.317778139042658,-36.86541060447084,-3.1539339915410585
2020-04-04,1.5746255178004038,-5.052676207425268,-37.21407500061823,-3.6956702706172138
2020-04-05,1.9546897872684599,-4.588239662913623,-36.80972049655213,-2.7692793928002644
2020-04-06,2.335633324246137,-4.515602216647497,-37.40361126292744,-2.0489301159347706
2020-04-07,2.25166986069826,-4.8431877875861185,-37.28229642321039,-3.249323842985521
2020-04-08,1.815849096775076,-3.5734436654674466,-37.652971525067876,-3.7697562717680837
2020-04-09,0.7380131692014225,-1.9187421067457515,-37.64392097553556,-4.308901320595585
2020-04-10,1.8679907963661848,0.10774784620577882,-38.551947084777346,-3.7261218509166154
2020-04-11,2.944614301649035,-1.073405985012122,-38.448969216334476,-4.003494643919902
2020-04-12,2.421706385780833,-0.13667936973869554,-37.280606468892515,-3.1832512656266987
2020-04-13,2.0695179806753092,-1.9903902711674082,-37.41801259386583,-3.7257715097952375
2020-04-14,3.104138223076908,-0.8085693340386497,-38.84358993146282,-5.761641614773199
2020-04-15,3.634867607303718,-0.6088432711056823,-38.99821730747071,-5.77681403691962
2020-04-16,1.857236663430413,-0.9449717384861449,-39.71573710124976,-5.4839102049167625
2020-04-17,1.5096095830338991,-0.30691884168683103,-39.01307561616358,-5.324396513551674
2020-04-18,0.1898669756345388,1.6930982931324903,-37.431412006064704,-4.83841000008335
2020-04-19,-0.608971469797786,1.8561783860663386,-36.52955832928396,-3.9979254920871505
2020-04-20,-1.6085193635395407,1.4466440745940354,-35.98183031639412,-3.066657138299864
2020-04-21,-1.729728163779501,2.689294659911245,-39.82006746366469,-3.2721911028891437
2020-04-22,-2.5807062958270413,4.07500595872915,-39.517553385559395,-3.2733600357406347
2020-04-23,-2.9649657174793855,4.146125128331042,-39.37158807045871,-1.3083845720945204
2020-04-24,-1.5223664517115134,3.85861738962038,-40.04442434251644,-0.2916474493882979
2020-04-25,0.5453633332529497,3.9481969585402745,-37.508621490865025,0.8483117206991633
2020-04-26,1.7420445354095981,4.5944758008113205,-36.30341646398777,0.37938848946172726
2020-04-27,1.4401102133861918,4.290380701554118,-35.87819927341879,2.1952486403356035
2020-04-28,-0.05724732938610044,5.748584408679657,-35.315872110267335,3.293903044741224
2020-04-29,0.03577105043798606,6.012145170376073,-35.77547232247835,3.112739018036244
2020-04-30,0.03768373788080722,5.669811584201147,-35.50888539171499,2.548493301424905
2020-05-01,-1.0693199007676972,4.172984200481484,-33.76772201934334,3.5268589654767037
2020-05-02,-0.989141165639904,3.8131405237744267,-33.29560277872844,5.400901164412871
2020-05-03,0.9567829767136798,4.926005393831308,-35.102498298784845,5.018640320142866
2020-05-04,1.3035705757068083,4.081716484430843,-37.09212626354046,6.2998395221350165
2020-05-05,2.3549094326824784,5.279814365204652,-34.94423114375217,6.416499147840062
2020-05-06,1.2186957339024722,5.364514706351194,-33.956858772716735,6.738418784455811
2020-05-07,2.3158785234163854,3.754830250035362,-33.29336799059563,6.876317681135325
2020-05-08,3.748217057087321,4.075200406306994,-34.80314982886302,6.860753102748936
2020-05-09,4.173020332517657,1.41853837658338,-35.681257090019834,4.031628364861268
2020-05-10,4.345932470451074,1.5377824701244447,-36.15303611248828,2.3518903539441913
2020-05-11,5.239840803568178,0.4921080023741182,-36.15803935365882,3.4330339921881006
2020-05-12,4.725647194310189,0.5179488247417544,-35.925705103767186,4.003680692495276
2020-05-13,5.876892915027391,1.2517056850592185,-35.201196193532354,5.071472218114561
2020-05-14,4.56649924458557,1.9621765807842184,-35.59126767298703,4.654742525780071
2020-05-15,4.34957178868509,3.275017798868115,-34.44769379423022,2.7688096059600475
2020-05-16,4.640923760494593,3.204787113845886,-35.11793683813115,3.6697826264284257
2020-05-17,3.562196201989737,0.43107788736096175,-33.957930997985194,4.874006619057702
2020-05-18,4.6042601905898195,1.0227999931458305,-34.20084259626784,5.430697777695624
2020-05-19,4.96469608600036,1.6710621571274338,-34.11225061769084,5.305588639334041
2020-05-20,4.8400934768403445,3.096285021660815,-35.48675200439464,5.711130954003467
2020-05-21,6.328364273767965,4.111023477315676,-37.72829513413363,5.697871406972788
2020-05-22,6.8974189925532325,4.135215099815329,-36.83711584440325,4.594985943858098
2020-05-23,6.213672469745419,3.515545128157725,-36.04528975902686,6.275861181428236
2020-05-24,6.196745528801092,2.5644083646877025,-36.983144395850644,6.310834323058464
2020-05-25,5.971707176062528,1.6128627697624012,-35.827702040999924,6.776318983106653
2020-05-26,7.176572770152465,1.5811552063521517,-35.250314105698386,6.4628134242273925
2020-05-27,7.99568311994551,1.4970901013795959,-35.52710127106612,6.102112291154842
2020-05-28,8.77844429850477,0.28250381250758094,-34.691262704202956,5.496733137848375
2020-05-29,7.75656921396643,-0.3592977831505221,-34.05958589505956,5.136306741812604
2020-05-30,7.691458209871462,0.8918821132321916,-34.31890422862517,6.519328962078417
2020-05-31,7.564028415330535,0.9358629552498889,-32.604281084991605,5.957411400682675
2020-06-01,6.932703632125968,0.8203381819885573,-31.72729632490294,3.8857660162495162
2020-06-02,8.862448154240147,0.7730628049465027,-32.13463752282742,4.839937706682848
2020-06-03,8.620879216150895,0.49798634278187803,-32.09856199580123,4.456809911215887
2020-06-04,9.093740146900476,0.3892239535324248,-32.85140853302445,3.6215499735657413
2020-06-05,10.095239505687305,-1.3643615651280525,-33.022767131422675,2.968414938911053
2020-06-06,10.179579849230032,-1.0818170193057424,-35.0119482508528,3.207008541614811
2020-06-07,10.110054758641546,-0.06900821710295535,-34.27285416937649,5.549044216410028
2020-06-08,10.446234734906273,1.2669811919691232,-33.49239980925621,4.487395261813459
2020-06-09,11.742540026713597,1.1750064172892796,-33.5893107850682,3.706177689265015
2020-06-10,11.420293588159284,-0.5988540153183433,-33.2139594414423,2.4163847027342773
2020-06-11,10.941029608867021,0.6338865010844761,-32.01131080924805,1.7221141314817894
2020-06-12,11.293238053463606,1.8506284003648032,-31.7761995449348,0.2904897600242684
2020-06-13,13.331988283948842,0.5314037212153513,-31.722867641567973,-0.2253457414795389
2020-06-14,13.007282644991264,-0.2647353523672408,-32.08126403309581,-0.05852676164839152
2020-06-15,12.835382539461413,0.05251320306019436,-31.982109416754323,0.6850195087003498
2020-06-16,14.09717891513574,1.697855417039404,-31.940835007833513,-0.6733245073629558
2020-06-17,14.001696937924644,0.5910332378405028,-31.389856465800744,0.34667786264253964
2020-06-18,12.566580037432805,1.1717700471389332,-32.014735180250476,0.6284893752815037
2020-06-19,13.286342076845376,-0.8445510768725262,-32.95043413900597,-0.40974465808513316
2020-06-20,14.382978861702746,-1.0055575423346357,-32.082599196335494,0.17234961902305013
2020-06-21,12.776124387565723,-0.40775586820045207,-32.47974510163772,2.6440773318561495
2020-06-22,12.819393421275285,-0.056408566692939976,-35.319856763859484,3.13402340116562
2020-06-23,12.928932514436438,1.1098193659863997,-34.282225514950966,2.2718044021776835
2020-06-24,13.263644202550134,2.318749159270769,-33.88791804718291,3.279168128336816
2020-06-25,14.427716132432082,2.8588079596861498,-32.57855645405368,2.9275815910162826
2020-06-26,15.575087029490131,2.2617299850353643,-32.803525777687426,1.9937816293342676
2020-06-27,14.93666479567984,1.2296307400199848,-31.782661671911498,2.771608858914275
2020-06-28,15.084008838213228,2.157139927339612,-31.844752442872256,1.8750490127860193
2020-06-29,15.300206296486339,2.209918811301176,-32.030407809933614,1.999436120808774
2020-06-30,13.06031300026381,1.8548155061040716,-32.14320643036251,0.7908480533533087
2020-07-01,11.775044615352236,1.1741667036398766,-32.44349603932306,0.03283868382344257
2020-07-02,12.108065599597523,-0.18749197892393177,-34.490852471547555,1.5121343184964782
2020-07-03,11.22475263716461,0.8159932596503778,-33.594288161737595,0.22666550134976182
2020-07-04,10.006371640217417,0.8478092158164563,-32.900075404733904,-0.66302590571065
2020-07-05,11.605833834256202,0.5958437096677741,-32.04559901571072,-1.762452222825422
2020-07-06,10.307981965124767,0.09731575225970956,-30.196433498660088,-0.5351165765675778
2020-07-07,10.016788260752113,1.4250908997299296,-30.81626037944992,-0.5553960844766186
2020-07-08,8.93795831541054,1.508798264142243,-31.9711536191896,-1.9915268068281067
2020-07-09,9.751760042397851,0.8986877187335637,-31.521874805120614,-2.064340528645473
2020-07-10,9.691987500789875,1.4292811445853584,-30.769128243019065,-1.4904114108452657
2020-07-11,10.3091915869646,0.4780995087984772,-30.984933556815466,0.09275910269360188
2020-07-12,11.33292802982379,0.1750003253981457,-31.26172776568229,0.733906224869403
2020-07-13,10.395047096953023,1.7017025535015686,-30.73111388091513,-0.3960302341887736
2020-07-14,8.95507361236455,1.2757137251752968,-30.766212075252305,0.4327788772922382
2020-07-15,8.420903738953962,2.306619464307899,-30.8064288132563,0.7961156120580615
2020-07-16,8.451936169614976,5.6259854675834,-31.39045911472528,1.9084800280237875
2020-07-17,9.790361541836424,4.996934388363423,-30.433236905403064,2.3586267580336853
2020-07-18,8.666111715630842,5.58783323623408,-29.587068213730394,3.5415824101423654
2020-07-19,9.26592677005686,4.2777665482350375,-31.8077730351375,3.2666049823002914
2020-07-20,10.126538704951905,4.412466210500331,-32.27975482111111,2.5168462574457124
2020-07-21,9.161478643436023,3.0553764528402754,-32.332673432659675,3.5027848944117617
2020-07-22,8.881790153412007,1.7268621266757744,-31.167565462205335,3.519530229789632
2020-07-23,9.538505454782468,0.9266552930337218,-30.308022077039013,4.059229914616967
2020-07-24,9.916378587500347,2.339328567526677,-29.91458350237925,3.944216715705429
2020-07-25,8.531318039245335,1.4183254218759127,-29.083033506312887,4.008582881576755
2020-07-26,9.699496104838476,0.1267313665638128,-28.097593744428934,1.344274853746231
2020-07-27,8.94965390472094,0.22369978104482185,-29.55983624702481,1.9455687066475704
2020-07-28,8.900562273327296,-0.7051376273095122,-28.65844650066337,-1.1405762168071614
2020-07-29,7.5021550019259875,-0.49428365787934825,-29.397246779423206,-0.9191241867497839
2020-07-30,6.958159559350479,-1.0547709264630845,-28.91160210382869,-2.268512689255081
2020-07-31,4.305708066283945,-1.0944557527266552,-29.43137875164885,-2.000173649657222
2020-08-01,2.7520525586495577,-3.072541245826483,-28.852620945438563,-1.9708124520374488
2020-08-02,2.824843677474237,-3.496768249503886,-29.106898764387058,-2.114316684870745
2020-08-03,2.899136900236155,-4.0937335984604974,-29.0391306467858,-4.573228143767576
2020-08-04,3.8942641441609434,-4.535852684657539,-29.182185642466067,-5.318168931772428
2020-08-05,3.0921058770907637,-3.8158594142966664,-30.096335885781045,-4.069912465323862
2020-08-06,3.4422916663123204,-2.9844742090580976,-28.93651090371466,-4.563420834095802
2020-08-07,0.5426388097800654,-4.2542636797968045,-27.92349207542499,-5.199012237463662
2020-08-08,-0.33914559059908933,-3.3761679369724042,-27.197448534715626,-6.855459072297562
2020-08-09,0.5141718882752374,-4.530161327837613,-26.496397654323346,-7.730919438679167
2020-08-10,-1.3161510937301588,-3.391778032845196,-25.67161661784832,-6.008523596109104
2020-08-11,-0.7050093065082208,-3.4408108248976603,-26.15538346245195,-6.30955616132475
2020-08-12,1.4792337080370854,-3.382772591664837,-26.690449095525544,-7.967498414961081
2020-08-13,2.1412637050683396,-0.7329446900060623,-27.048461314269364,-8.857774232836674
2020-08-14,2.407392531858724,0.8989563800549838,-26.235847707688222,-8.580535508697757
2020-08-15,2.4408341016568227,1.5373186937065306,-25.440686136688214,-8.686481850658032
2020-08-16,2.176043343070426,1.958332594290246,-24.231570748316884,-8.564273862096325
2020-08-17,2.2596710138468215,2.0687272789156848,-25.452693142103755,-8.291789723984673
2020-08-18,2.7051870133716895,2.690671881359899,-25.172164091356443,-7.1927725463152425
2020-08-19,3.1363002054384452,4.593850619953869,-24.209996928753768,-7.712820311621989
2020-08-20,3.5305879529140642,5.356685752479287,-23.286133197446958,-8.792283124443383
2020-08-21,3.990324834511779,6.346130517137421,-22.45298498369373,-8.514658633448105
2020-08-22,3.002793909678787,4.958510784086794,-22.92994442063828,-8.186775671637406
2020-08-23,1.9759217165329974,5.127906786614668,-24.539994192563643,-8.153455297145694
2020-08-24,0.24392322352035278,3.823137263933097,-24.28849756393623,-8.509047570831322
2020-08-25,0.33228707748557285,2.5897065502475964,-23.964326496348235,-6.918345547005942
2020-08-26,1.8063336287036589,3.4172517792682315,-23.220399993422877,-6.699916950102301
2020-08-27,0.4847774385561243,5.724119262829761,-22.429052313026812,-7.323659744036872
2020-08-28,0.6363772799039802,5.016041782172967,-21.18250756381412,-8.992734793563955
2020-08-29,1.6284219279722993,6.260929139046688,-18.98549493871367,-7.133800361587959
2020-08-30,3.4123559950385935,5.495149991703878,-19.55739275363912,-7.344197026945247
2020-08-31,3.1717061494285193,5.963643399891554,-20.706670112377463,-8.269541586489137
2020-09-01,1.49775697977487,4.972035019391758,-19.102629452661255,-7.381599130374815
2020-09-02,2.306157742003681,5.380600496364115,-21.08574609776985,-7.4536352986235
2020-09-03,2.0829824516523954,6.303872844679377,-23.360926715716523,-5.901211876819294
2020-09-04,1.0617217998150137,6.267243112704005,-22.20876573209258,-6.272589001034556
2020-09-05,1.3706746771039535,6.107026902865695,-22.917945989867373,-7.865822817617011
2020-09-06,2.002505251964871,5.391018470209471,-23.434379592445183,-9.505092350980814
2020-09-07,1.4583261440441306,5.390612654203201,-21.704338524187698,-11.085792920919035
2020-09-08,0.6776162870027812,4.628383924933223,-22.520153381458726,-12.448367665884396
2020-09-09,0.7858738078434713,4.762329076455712,-22.54404343117935,-13.704739571395132
2020-09-10,2.3317889327099945,5.333241719460918,-21.95277145156069,-12.95628513642469
2020-09-11,1.315668181300519,4.774879680356136,-21.96463119262705,-11.069035084042506
2020-09-12,-0.3138129881709899,4.338227006699656,-22.589182707082642,-10.681572244733774
2020-09-13,-0.5377834305697344,3.6596462614551566,-21.368964172128887,-8.119101687923862
2020-09-14,-0.4356439988164099,2.8464601648152548,-21.833658424786794,-8.130266898182821
2020-09-15,-0.9005729825627864,3.7757822419075446,-21.201159758510776,-7.257305389652531
2020-09-16,-2.6244998342143435,5.578261001067214,-21.876850381730023,-6.584646068168287
2020-09-17,-4.259000911393085,4.910842143383526,-22.900372333307278,-5.684585795402258
2020-09-18,-5.797700854114606,3.7490455955909474,-22.721994465008464,-6.368524861185506
2020-09-19,-6.187982067021061,2.5562485212800716,-23.504071201334238,-5.415208820875066
2020-09-20,-7.32840612879129,1.8087630101602183,-23.37936963075015,-6.386654443897131
2020-09-21,-6.520703007743349,1.7314572071120666,-23.29181286921481,-7.290523578980512
2020-09-22,-7.811275436724087,1.1269799157756313,-21.8365635764257,-6.737850007049891
2020-09-23,-9.115428996712172,0.5152882159954978,-20.877484035669642,-6.004932806115242
2020-09-24,-9.715012906008482,-0.9107543914598778,-20.86959653235409,-5.31765873944453
2020-09-25,-9.329799497693257,0.044484247544910094,-20.449372985916412,-4.472033479193434
2020-09-26,-9.615386997937524,0.16059254632862627,-20.92785503898166,-5.131383099513987
2020-09-27,-8.576751411967841,1.2968056990725454,-20.51436228395397,-4.183066328703653
2020-09-28,-9.314518992348038,0.8569661022648227,-21.703022375271722,-3.27380291889669
2020-09-29,-8.43310837720441,1.550789993838493,-22.27542936836551,-2.8922235010373605
2020-09-30,-8.70806756484557,2.106209621526437,-23.409101394072742,-2.6904306300116225
2020-10-01,-9.4113846416074,1.769816407012756,-23.258026153266695,-2.2404521337604892
2020-10-02,-11.077261017965627,1.2330146953688725,-22.95027769250344,-1.690696412269427
2020-10-03,-10.746305127543003,2.594638187848514,-22.538941669489304,-0.512369555520181
2020-10-04,-9.564775054150555,2.548130075101874,-21.76237986211602,-0.3571460402720922
2020-10-05,-7.516686267195931,2.5513071725010414,-22.35544363676271,-2.381412691882777
2020-10-06,-8.193818307887398,2.6968404486500654,-21.562295312350557,-1.6920031628127945
2020-10-07,-6.855533442022338,2.1080291579927604,-21.08851399623777,-0.18529087002147038
2020-10-08,-7.951096462001027,2.8156845522844707,-21.362307081781424,0.08657891589085698
2020-10-09,-7.2545448947662,3.442294300757439,-22.09185759146744,-0.3693838350033676
2020-10-10,-8.292070957620922,3.966401651277014,-21.340804983376625,-0.4597778558513814
2020-10-11,-7.7511927593604195,4.911466084227993,-22.06754696595946,-0.20831860259654827
2020-10-12,-7.638168947091904,4.877139937860533,-19.348702312397158,0.13938422158640557
2020-10-13,-8.014947433845128,4.564401686688203,-19.54669688626752,1.3335873624338523
2020-10-14,-9.524421032449705,4.099235446527599,-18.402480757920614,4.231584802098817
2020-10-15,-9.535152178260097,3.09656281387225,-19.220960724351208,4.452011690090579
2020-10-16,-7.928705359331997,4.340023777528442,-19.543446983628172,4.292217761188551
2020-10-17,-8.669825915938084,6.311212830170309,-19.866945322121634,4.11458214543218
2020-10-18,-9.8416040959174,6.528639169257962,-20.047428978106936,4.170455263504362
2020-10-19,-10.556440418696923,5.709093395459354,-19.90172819687687,4.867224343647168
2020-10-20,-10.074393839871341,6.132023189938782,-19.38894426631721,2.8525734425715363
2020-10-21,-9.15891255113156,5.486245002034705,-16.728617471095966,4.17568016424861
2020-10-22,-8.379531058148899,5.690714705282049,-15.796593803241826,3.788083544111779
2020-10-23,-8.424253623030708,6.355583019115385,-15.834999607777663,3.1410769817557425
2020-10-24,-7.576169954857275,7.611393298117926,-17.26069194267923,2.3672064648833713
2020-10-25,-6.284821415032793,8.134956295570689,-18.005169200431823,2.870807925633454
2020-10-26,-7.466761778629113,7.76852593749669,-17.829579309636216,4.669847246637645
2020-10-27,-7.254049828198048,8.111193304215947,-18.843569125157813,4.075429269415521
2020-10-28,-8.690198313040275,7.239206733472556,-19.519802823345866,2.9560524655228697
2020-10-29,-8.29832531883729,6.466366339159763,-20.78739433441791,5.523399734649292
2020-10-30,-8.68412480918138,4.902106652839632,-19.9640659355423,6.392440426811
2020-10-31,-9.231329568818154,4.364715769627402,-18.334610150057433,7.425537501924795
2020-11-01,-9.82135166034119,3.301856288986481,-16.892018609634327,6.708091851783481
2020-11-02,-10.749180593254074,3.0905934668933654,-18.670085417773546,6.2753878505053535
2020-11-03,-10.678111008217487,3.023102394093483,-19.33290127734332,7.456534719001551
2020-11-04,-9.866703010599213,3.2792916788693898,-19.087389437327815,8.494786590082597
2020-11-05,-11.496446374477735,2.8865208117411294,-18.86593257375718,7.57127414106826
2020-11-06,-12.723258784055687,2.7227441777173023,-20.095028767399416,5.548111645930179
2020-11-07,-12.078716978090073,2.1462851226103092,-19.410395195334573,5.706328189719664
2020-11-08,-12.529938418155773,2.4949239871072537,-20.578024733575717,5.059354179255345
2020-11-09,-14.050257688183615,3.1765252496965597,-20.019460357714486,5.563548124938824
2020-11-10,-15.113730274362407,2.91444583294309,-16.95562739004954,5.298825438492592
2020-11-11,-15.677659045699155,4.445139305417845,-16.733933408540466,5.763967668521665
2020-11-12,-16.403391085045197,3.66489677803614,-17.49509963961562,6.748730690725027
2020-11-13,-16.700776035767277,3.4495238507660906,-16.57789688517757,6.177553245123405
2020-11-14,-16.72814067132248,3.2106130665887616,-17.5510865036113,6.521081704347944
2020-11-15,-16.62039853426339,3.364112344814568,-16.18429192259868,5.622157968473635
2020-11-16,-15.682215516548668,3.9472415571108703,-17.042371716164034,5.89511378794932
2020-11-17,-15.029209728508912,5.196899305897295,-20.413000792393184,7.200274073271019
2020-11-18,-14.7503399127205,6.165074680157181,-19.648883276417138,5.525526391395916
2020-11-19,-13.615367116713568,5.2395857447128025,-18.69117578467079,7.965469813419021
2020-11-20,-13.54335892928105,5.210328017691805,-18.053765723114402,9.104306245606706
2020-11-21,-13.722346373338,4.825603848717671,-18.57549161378559,9.595407916899187
2020-11-22,-15.023019646007889,4.817900922684341,-18.51754036305595,10.142677866518442
2020-11-23,-13.157408663869603,4.899798263717477,-19.812389690534985,9.778457604664954
2020-11-24,-12.435600192783314,3.9983059641646177,-18.899988652627393,10.551515000105566
2020-11-25,-11.257853534742052,3.35183647399466,-19.051414067490846,8.853478387090023
2020-11-26,-11.492285601338866,4.229350347949688,-18.846233368994117,8.540167302595302
2020-11-27,-11.604119397016134,3.843277919454691,-18.53267383872671,6.577928962834567
2020-11-28,-11.690544207880253,4.4870579276345195,-18.709643103775914,7.449066126615744
2020-11-29,-13.518029681642213,4.631753265472121,-15.906357763037148,9.022522089964948
2020-11-30,-13.849647048572754,4.031632885722127,-17.208019116576953,10.0362559979579
2020-12-01,-14.245262043085951,4.313178370128142,-17.528898683648542,8.5648307667632
2020-12-02,-15.093071764334908,4.310371209547342,-16.791157674006033,6.7264427793317605
2020-12-03,-18.271741900363608,4.857409186077026,-16.143010072580054,6.373274732944165
2020-12-04,-17.846735257214245,4.323001616670112,-16.44741631272172,5.079656437662711
2020-12-05,-18.60203614845334,5.645682871216431,-15.841408607769157,5.400457956755563
2020-12-06,-16.524059574333204,4.917558827980547,-15.623378336542615,5.134735398097976
2020-12-07,-17.037439940746886,4.478288025680798,-16.343492224465763,4.899160042917651
2020-12-08,-16.532589183308705,4.514549028074986,-15.351775817741993,3.7676646233540496
2020-12-09,-16.440646346324275,4.621101525870783,-14.269698458284749,2.1074115667293922
2020-12-10,-14.898122569506839,7.220171505904865,-13.650943263653922,0.16780793486222967
2020-12-11,-13.7502219474941,7.10025117298601,-14.327858898993956,0.04697195455558424
2020-12-12,-14.86810881172709,7.5413131884596645,-14.240302496341133,0.5291379343496933
2020-12-13,-14.00714312198634,7.587021316864109,-15.66805972206794,-0.2853547853547832
2020-12-14,-14.797102263659088,8.505197544980343,-14.819909967855931,-1.6053688634174201
2020-12-15,-14.050464180640212,9.02322388011109,-16.243763103714418,-2.3585087205191386
2020-12-16,-14.967139959267246,6.772552933907562,-17.333052367365966,-3.2326623529010803
2020-12-17,-15.062459661136861,5.983121381773097,-17.264364016172596,-2.19547964391688
2020-12-18,-15.034700268307969,7.397812864301618,-16.225623573733476,-2.9171496108161454
2020-12-19,-15.969443832452185,5.11281265757907,-15.887392173961507,-2.50138615561619
2020-12-20,-18.7469116431758,4.374646301728876,-16.943564257181002,-3.673771240502364
2020-12-21,-18.35866712508525,4.495660850273026,-16.405186976769134,-5.158055231993896
2020-12-22,-16.842043129129518,5.051693175329643,-17.357172953394947,-5.079296759470344
2020-12-23,-17.50399934947179,5.802264004009699,-16.438158568958993,-5.691414416867656
2020-12-24,-17.88728131910123,4.180080737831725,-16.33555708075922,-5.580995567580536
2020-12-25,-16.753602670418964,2.2444925670290177,-15.162792109905814,-6.282738666568155
2020-12-26,-18.846909016349038,1.9157173732988673,-15.252628702075762,-7.008018221729481
2020-12-27,-19.78339375883367,3.6926968305928005,-15.411496475603949,-7.6816802763945
2020-12-28,-18.987022464622704,5.419460824208217,-15.245608567386519,-7.207173317495098
2020-12-29,-18.934611359869542,6.252448670779436,-13.438705537021189,-9.321456914327191
2020-12-30,-19.837720748719512,7.329563282288541,-13.041999207019352,-10.178815008349506
2020-12-31,-19.730643556431037,7.991174639018827,-13.946968266252613,-10.936488795645161
2021-01-01,-18.821478275947246,7.991036979792068,-14.882680353708436,-10.602273062404585
2021-01-02,-19.668257657360787,9.071899255177609,-17.41994302556742,-7.9843335451234285
2021-01-03,-20.79219237110739,8.022941279272523,-17.178042939920545,-6.65578950098144
2021-01-04,-21.50448534093649,6.673900661954729,-15.961295032757077,-6.485036826639492
2021-01-05,-19.710079446731374,8.623905262906083,-17.15442813112069,-6.539822498377892
2021-01-06,-19.5222413621862,10.542500387733906,-17.66654064403317,-7.397223449656183
2021-01-07,-20.62022040307514,10.258615680334225,-18.223313269272104,-7.948493006158435
2021-01-08,-19.03104522783457,9.407982939780128,-17.57184851782913,-7.557743208222877
2021-01-09,-18.991734498682714,8.621286497017174,-17.853554636883555,-7.872394481377262
2021-01-10,-20.48321631862429,8.269468396915533,-18.670497716403908,-8.906152490674781
2021-01-11,-21.157705310203724,8.882100501793277,-17.660818791425093,-8.665760615851225
2021-01-12,-21.572465914400304,8.377480820806172,-16.454520430874958,-7.940995516117222
2021-01-13,-20.427419954001728,6.782937291283022,-15.89584600488239,-7.936744616280352
2021-01-14,-20.95179884872538,6.4930502450685275,-14.284218522647668,-6.32145667135419
2021-01-15,-20.41206745853763,7.262904779025029,-15.451322647899095,-4.804290137604177
2021-01-16,-20.582532768208146,7.925168594859882,-17.359081997750394,-3.3757313141441525
2021-01-17,-22.708978779638173,6.770383300696228,-17.16878298646615,-3.887518632904102
2021-01-18,-23.70082660709018,6.775879753830114,-18.073730377657924,-3.5094599202715195
2021-01-19,-23.999169719155518,6.326489229637064,-16.261491976481416,-4.724016369281385
2021-01-20,-22.691376169231074,6.855348983940598,-15.626568604912288,-3.6235192667098493
2021-01-21,-24.052230944654667,8.543153353492174,-15.382371750603326,-4.105386548909875
2021-01-22,-23.290926223793786,9.205058915639386,-14.192818400141794,-4.789508578826137
2021-01-23,-25.055700566824683,9.504085279901123,-13.439441988882832,-4.765676944362768
2021-01-24,-25.26697601984426,8.808138145953697,-13.263262483632893,-2.7596032799731236
2021-01-25,-23.65115225803553,8.23138720078563,-12.943465715038274,-3.131176335196234
2021-01-26,-23.124283815414294,7.6374320158491225,-13.78484729499402,-4.51027181764144
2021-01-27,-23.52540009575159,7.11385469567368,-14.09186371453212,-4.607161289066405
2021-01-28,-22.24299421188391,6.947931895189135,-13.4768696034374,-5.659284774359682
2021-01-29,-22.829191790132626,5.7236855502225525,-13.864199695963407,-6.261879553624302
2021-01-30,-22.694752829378817,5.952440197854608,-13.466908815871308,-6.649528650655391
2021-01-31,-20.859593424384116,6.390014004765414,-15.024017650344152,-6.788493501886706
2021-02-01,-21.08275054661882,4.947961665286582,-15.351397191168315,-7.0781844197338035
2021-02-02,-20.453204587392094,5.520436478639552,-14.646544294992808,-6.367276427859688
2021-02-03,-20.320511113697325,4.487043197690083,-13.848582854658114,-5.864384465308065
2021-02-04,-17.82929412880985,5.706131413942596,-15.015049079970717,-5.692541614786801
2021-02-05,-17.233316419327846,7.476547778548312,-14.670655296329658,-7.45860204632684
2021-02-06,-17.099084741799125,9.406891688882585,-14.664842229724705,-8.454263848267576
2021-02-07,-17.960850409825635,9.718530433546938,-13.882549463423139,-10.973332983585221
2021-02-08,-17.20791687404759,8.204830421404033,-13.629828679052045,-11.128680219157634
2021-02-09,-18.713841302263067,7.6213636265747216,-12.276720220150251,-12.365132529858423
2021-02-10,-17.88494420827785,8.625814998468254,-12.498928577284813,-13.647678027623826
2021-02-11,-18.182352775558055,8.364992214640885,-12.72920036551033,-14.930225995015755
2021-02-12,-18.02858980674015,7.978756871093609,-12.849993660001692,-14.143548637502999
2021-02-13,-18.064348962326736,7.985000778346273,-14.797422334957492,-13.021704179307367
2021-02-14,-18.245099258717318,8.032909335849466,-13.882500247148931,-14.695191878145941
2021-02-15,-17.311986532308552,8.432649486170563,-13.567375590024222,-15.372178325977327
2021-02-16,-17.35610383585143,8.077914266995489,-12.411331226653866,-14.968792220136566
2021-02-17,-17.808759172167804,8.872169705593432,-11.647016759158946,-17.19415038670467
2021-02-18,-18.010988347864423,10.072964452738255,-11.979672472003497,-17.19673368967178
2021-02-19,-19.564159152770976,9.365689641319477,-12.614172932031703,-16.78982187422297
2021-02-20,-22.70457558853782,8.793624123809604,-11.71897537469962,-15.362968354045226
2021-02-21,-24.712194870544092,10.606637252320688,-12.050058539673353,-15.28966288463251
2021-02-22,-24.836026208642284,10.645170999305801,-11.032608443456763,-14.93990102919324
2021-02-23,-23.85151124976663,11.158747327274261,-10.03123800842021,-15.933818528294955
2021-02-24,-23.65841374401912,11.564307159429294,-10.052701636971966,-14.60392860759041
2021-02-25,-23.799657018252017,12.410748957984925,-10.367936606017723,-16.971525585107784
2021-02-26,-23.595928400952776,11.338685621335772,-9.912932698543766,-16.349287222004264
2021-02-27,-23.617263982828735,13.52478517878037,-9.580177112446975,-17.248720353056417
2021-02-28,-23.385866157600457,14.500584040276992,-8.092346286591667,-18.044603347738438
2021-03-01,-25.578976463669065,14.52632616637007,-8.877291774467597,-18.070253575738626
2021-03-02,-24.831693025235403,14.540177574593828,-7.209103774699173,-17.098144384144042
2021-03-03,-24.401929583521312,14.789212832271277,-6.634505924773197,-16.632949490745993
2021-03-04,-24.606850624845627,14.84555060735619,-6.293518578786765,-16.398797123351763
2021-03-05,-24.487760099879264,15.96235168739875,-7.613406588235815,-16.33401581869477
2021-03-06,-24.19090599089114,14.937125958507858,-7.177603938161476,-15.349517743861236
2021-03-07,-25.501961582700094,16.576349492062718,-6.749710190855036,-14.698312407273786
2021-03-08,-26.527030653075794,15.54911732428296,-8.210144098334007,-15.217133022177812
2021-03-09,-25.81870025671041,15.320498566369304,-10.256711168962084,-14.699165263418285
2021-03-10,-23.231317408233714,13.669607982119155,-9.69239365601821,-15.492066617997304
2021-03-11,-23.726709086592365,13.440328047535463,-9.915086851102565,-16.309595752769013
2021-03-12,-21.613517289470405,13.025517969360338,-8.785975622603251,-16.20623886548556
2021-03-13,-20.78225862265915,11.469564631431869,-7.452775643317246,-13.914114239285954
2021-03-14,-21.000091972025498,12.167023932423849,-7.044878222753568,-13.38555731643003
2021-03-15,-21.490606946331518,12.485902766862889,-7.5974651239337225,-11.758698201249121
2021-03-16,-20.62584265552854,11.492359006362147,-6.483895180320973,-11.779501804317489
2021-03-17,-19.792455291530956,10.32087827012478,-6.712570009316768,-9.96569818470858
2021-03-18,-20.204596413308952,9.758413020473043,-8.279859409051282,-8.837807353808595
2021-03-19,-20.15600219455205,9.101140050826702,-6.1437344616247245,-9.499169361264897
2021-03-20,-20.035119375717954,9.60954891886426,-6.974945841996709,-10.475450952060394
2021-03-21,-20.596859453772474,7.817916461289123,-7.615203008862343,-9.397538134457148
2021-03-22,-18.205838066363704,8.107987932086955,-7.658661236319662,-8.72672628247269
2021-03-23,-20.508769353571953,8.203214776728686,-8.026931537274137,-8.94848379465619
2021-03-24,-20.338244625170443,8.821756983102835,-7.495795205348316,-7.903623580449883
2021-03-25,-20.98306365436749,7.657056899345295,-7.350890923332566,-9.853577960629375
2021-03-26,-22.920287990939755,6.727705810779642,-7.791723718527662,-10.789836275121738
2021-03-27,-23.296079561687797,7.128770356322226,-6.7526979397102185,-10.915117785793504
2021-03-28,-22.25647631792635,8.1919459918265,-6.657500969100441,-10.444353462493835
2021-03-29,-22.366073358454486,8.960514444249702,-5.641723329772651,-9.245656017956344
2021-03-30,-21.230620443573873,6.0568526955065085,-7.167507373104773,-9.154234785754474
2021-03-31,-21.39291178245639,6.322643813159493,-6.913651864744474,-8.98407739254375
2021-04-01,-21.645858495099258,8.791032675589978,-6.363215048590118,-9.08556004974452
2021-04-02,-21.006579991411755,9.652718970999931,-7.579021978311546,-9.951450447595706
2021-04-03,-19.375101130580262,8.390723225773026,-6.342628781774849,-9.131850141453842
2021-04-04,-20.569068412537966,7.089670353973389,-6.733120550990598,-9.217121508809313
2021-04-05,-21.53761595524141,6.3087492468767365,-7.393035379575116,-8.483155836313763
2021-04-06,-22.2362096640613,4.877179795846598,-5.898490409203204,-8.138178877884538
2021-04-07,-21.64812454410547,4.24521999125187,-6.093962774552947,-7.4000574505611265
2021-04-08,-21.964492148337364,4.166264562975182,-6.963906784787165,-7.536388006577362
2021-04-09,-22.828663141277744,5.567130994491643,-6.70700121365038,-7.865088722476233
2021-04-10,-22.507932677434944,5.608095378904017,-3.949472176219105,-7.05514159812119
2021-04-11,-23.519700735032416,6.518817729151601,-4.8153051875025845,-6.220114221422161
2021-04-12,-23.666480749376255,6.643216123957183,-5.450059822601288,-5.899601756147965
2021-04-13,-23.030039262987476,6.19240221454474,-3.6965299481203084,-6.237216905273547
2021-04-14,-22.376563577373762,5.325404531560893,-3.1886227025114056,-5.145206675185804
2021-04-15,-22.21815212954158,4.886712983094841,-2.6866772950649636,-6.593391341381934
2021-04-16,-22.09434669916807,5.496152723660345,-3.559744237779553,-7.136729151067175
2021-04-17,-22.546807761500066,6.576146775166562,-2.732172718752839,-6.402926023063612
2021-04-18,-21.013111312703202,6.771114625821667,-1.458349992746026,-7.511402017703286
2021-04-19,-21.261295619462835,5.9502318735402175,0.5909732239382057,-8.495931136922206
2021-04-20,-19.90843096771521,4.871631060119617,-0.4928017708316721,-7.874722965731362
2021-04-21,-20.79100626214303,6.515911589042403,-0.6981300677075524,-8.609266290998292
2021-04-22,-22.013453363592486,6.312792672959495,-0.6873533563148817,-8.71949745317414
2021-04-23,-23.619374256561333,5.906279860494206,-2.0431680602599442,-8.215737181571052
2021-04-24,-24.04793936419822,4.8527793645218535,-1.369417369258812,-9.092333653130654
2021-04-25,-25.411555274771953,5.070437460854137,-1.3629062107989314,-9.769137734794628
